"";"ANO";"NIVEL";"CODMUNRES";"IDHM_A";"IDHM_CA";"IDHM_CA_M";"IDHM_CA_F"
"1";2016;"UF";50;0,755;0,729;0,7;0,757
"2";2016;"MUNICIPIO";5000203;NA;0,67;NA;NA
"3";2016;"MUNICIPIO";5000252;NA;0,711;NA;NA
"4";2016;"MUNICIPIO";5000609;NA;0,673;NA;NA
"5";2016;"MUNICIPIO";5000708;NA;0,663;NA;NA
"6";2016;"MUNICIPIO";5000807;NA;0,67;NA;NA
"7";2016;"MUNICIPIO";5000856;NA;0,697;NA;NA
"8";2016;"MUNICIPIO";5000906;NA;0,643;NA;NA
"9";2016;"MUNICIPIO";5001003;NA;0,697;NA;NA
"10";2016;"MUNICIPIO";5001102;NA;0,688;NA;NA
"11";2016;"MUNICIPIO";5001243;NA;0,633;NA;NA
"12";2016;"MUNICIPIO";5001508;NA;0,681;NA;NA
"13";2016;"MUNICIPIO";5001904;NA;0,71;NA;NA
"14";2016;"MUNICIPIO";5002001;NA;0,684;NA;NA
"15";2016;"MUNICIPIO";5002100;NA;0,698;NA;NA
"16";2016;"MUNICIPIO";5002159;NA;0,666;NA;NA
"17";2016;"MUNICIPIO";5002209;NA;0,67;NA;NA
"18";2016;"MUNICIPIO";5002308;NA;0,701;NA;NA
"19";2016;"MUNICIPIO";5002407;NA;0,692;NA;NA
"20";2016;"MUNICIPIO";5002605;NA;0,703;NA;NA
"21";2016;"MUNICIPIO";5002704;NA;0,784;NA;NA
"22";2016;"MUNICIPIO";5002803;NA;0,647;NA;NA
"23";2016;"MUNICIPIO";5002902;NA;0,727;NA;NA
"24";2016;"MUNICIPIO";5002951;NA;0,754;NA;NA
"25";2016;"MUNICIPIO";5003108;NA;0,671;NA;NA
"26";2016;"MUNICIPIO";5003157;NA;0,589;NA;NA
"27";2016;"MUNICIPIO";5003207;NA;0,7;NA;NA
"28";2016;"MUNICIPIO";5003256;NA;0,706;NA;NA
"29";2016;"MUNICIPIO";5003306;NA;0,703;NA;NA
"30";2016;"MUNICIPIO";5003454;NA;0,694;NA;NA
"31";2016;"MUNICIPIO";5003488;NA;0,639;NA;NA
"32";2016;"MUNICIPIO";5003504;NA;0,699;NA;NA
"33";2016;"MUNICIPIO";5003702;NA;0,747;NA;NA
"34";2016;"MUNICIPIO";5003751;NA;0,684;NA;NA
"35";2016;"MUNICIPIO";5003801;NA;0,714;NA;NA
"36";2016;"MUNICIPIO";5003900;NA;0,66;NA;NA
"37";2016;"MUNICIPIO";5004007;NA;0,721;NA;NA
"38";2016;"MUNICIPIO";5004106;NA;0,675;NA;NA
"39";2016;"MUNICIPIO";5004304;NA;0,662;NA;NA
"40";2016;"MUNICIPIO";5004403;NA;0,681;NA;NA
"41";2016;"MUNICIPIO";5004502;NA;0,654;NA;NA
"42";2016;"MUNICIPIO";5004601;NA;0,62;NA;NA
"43";2016;"MUNICIPIO";5004700;NA;0,72;NA;NA
"44";2016;"MUNICIPIO";5004809;NA;0,526;NA;NA
"45";2016;"MUNICIPIO";5004908;NA;0,664;NA;NA
"46";2016;"MUNICIPIO";5005004;NA;0,712;NA;NA
"47";2016;"MUNICIPIO";5005103;NA;0,708;NA;NA
"48";2016;"MUNICIPIO";5005152;NA;0,623;NA;NA
"49";2016;"MUNICIPIO";5005202;NA;0,704;NA;NA
"50";2016;"MUNICIPIO";5005251;NA;0,672;NA;NA
"51";2016;"MUNICIPIO";5005400;NA;0,736;NA;NA
"52";2016;"MUNICIPIO";5005608;NA;0,632;NA;NA
"53";2016;"MUNICIPIO";5005681;NA;0,686;NA;NA
"54";2016;"MUNICIPIO";5005707;NA;0,7;NA;NA
"55";2016;"MUNICIPIO";5005806;NA;0,639;NA;NA
"56";2016;"MUNICIPIO";5006002;NA;0,694;NA;NA
"57";2016;"MUNICIPIO";5006200;NA;0,721;NA;NA
"58";2016;"MUNICIPIO";5006259;NA;0,649;NA;NA
"59";2016;"MUNICIPIO";5006309;NA;0,721;NA;NA
"60";2016;"MUNICIPIO";5006358;NA;0,588;NA;NA
"61";2016;"MUNICIPIO";5006408;NA;0,671;NA;NA
"62";2016;"MUNICIPIO";5006606;NA;0,701;NA;NA
"63";2016;"MUNICIPIO";5006903;NA;0,666;NA;NA
"64";2016;"MUNICIPIO";5007109;NA;0,664;NA;NA
"65";2016;"MUNICIPIO";5007208;NA;0,715;NA;NA
"66";2016;"MUNICIPIO";5007307;NA;0,709;NA;NA
"67";2016;"MUNICIPIO";5007406;NA;0,673;NA;NA
"68";2016;"MUNICIPIO";5007505;NA;0,651;NA;NA
"69";2016;"MUNICIPIO";5007554;NA;0,642;NA;NA
"70";2016;"MUNICIPIO";5007695;NA;0,729;NA;NA
"71";2016;"MUNICIPIO";5007802;NA;0,682;NA;NA
"72";2016;"MUNICIPIO";5007703;NA;0,614;NA;NA
"73";2016;"MUNICIPIO";5007901;NA;0,686;NA;NA
"74";2016;"MUNICIPIO";5007935;NA;0,681;NA;NA
"75";2016;"MUNICIPIO";5007950;NA;0,593;NA;NA
"76";2016;"MUNICIPIO";5007976;NA;0,651;NA;NA
"77";2016;"MUNICIPIO";5008008;NA;0,658;NA;NA
"78";2016;"MUNICIPIO";5008305;NA;0,744;NA;NA
"79";2016;"MUNICIPIO";5008404;NA;0,711;NA;NA
